class,CondoProperty,CondoProperty,CondoProperty,CondoProperty,CondoProperty,CondoProperty,CondoProperty,CondoProperty,CondoProperty,ResidentialProperty,ResidentialProperty,ResidentialProperty,ResidentialProperty,ResidentialProperty,ResidentialProperty,ResidentialProperty,ResidentialProperty,ResidentialProperty
soldDateInQuarter,2019 Q1,2020 Q1,%change Q1,2019 Q2,2020 Q2,%change Q2,2019 Q3,2020 Q3,%change Q3,2019 Q1,2020 Q1,%change Q1,2019 Q2,2020 Q2,%change Q2,2019 Q3,2020 Q3,%change Q3
Avg Sales Price,601647.8770754717,699573.4181818182,16.276221497256714,650496.9434628976,661329.8136645963,1.6653222294989334,618679.9904395604,616000.0,-0.4331787807871912,1057348.5862068965,1273879.025,20.478623759254155,1112550.0,1118613.7586206896,0.5450324588278876,1162710.8444444444,1116000.0,-4.017408512841669
Avg Sqft,808.2075471698113,839.9090909090909,3.9224508420259596,888.1378091872791,785.8012422360248,-11.522599971833303,836.003663003663,649.0,-22.3687612003733,525.8620689655172,950.0,80.65573770491805,800.0,710.3448275862069,-11.206896551724144,987.7777777777778,0.0,-100.0
Median Sales Price,540250.0,620000.0,14.761684405367891,575000.0,606500.0,5.478260869565221,583838.0,616000.0,5.508719884625535,999999.0,1183250.0,18.325118325118318,967500.0,1080000.0,11.627906976744185,982000.0,1058000.0,7.7393075356415375
# of Sales,212.0,220.0,3.7735849056603765,283.0,161.0,-43.1095406360424,273.0,2.0,-99.26739926739927,29.0,40.0,37.93103448275863,50.0,29.0,-42.00000000000001,45.0,3.0,-93.33333333333333
Avg Price/Sqft,744.422492938018,832.9156402208032,11.88748971481619,732.4279371217818,841.5993486886828,14.90541335655644,740.0445928869688,949.1525423728814,28.256128278725345,2010.6956721311476,1340.9252894736842,-33.310380677726826,1390.6875,1574.7475242718447,13.235182186641126,1177.0975928008997,inf,inf
